"timestamp","interval_seconds","tree_cpu_percent","working_set_mb","private_mb","threads","handles","process_count","new_pids","spawn_count","machine_cpu_percent","tree_cpu_delta_seconds","tree_pids","per_process_json"
"2026-10-02T01:20:04.6707132Z","5.6372763","1.1086914437740083","358.984375","290.14453125","91","3130","8","","0","59.7876269621422","0.75","4492;11556;14860;29508;30032;42692;46044;46376","[{""pid"":14860,""name"":""node.exe"",""cpu_percent"":0.04619547682391702,""ws_mb"":64.65234375,""private_mb"":67.734375},{""pid"":46044,""name"":""conhost.exe"",""cpu_percent"":0.0,""ws_mb"":7.65234375,""private_mb"":1.19921875},{""pid"":29508,""name"":""powershell.exe"",""cpu_percent"":0.4850525066511287,""ws_mb"":95.90625,""private_mb"":75.171875},{""pid"":42692,""name"":""node.exe"",""cpu_percent"":0.09239095364783403,""ws_mb"":65.33203125,""private_mb"":63.26171875},{""pid"":11556,""name"":""conhost.exe"",""cpu_percent"":0.0,""ws_mb"":7.68359375,""private_mb"":1.2421875},{""pid"":46376,""name"":""powershell.exe"",""cpu_percent"":0.4850525066511287,""ws_mb"":97.8046875,""private_mb"":78.25390625},{""pid"":4492,""name"":""conhost.exe"",""cpu_percent"":0.0,""ws_mb"":9.9765625,""private_mb"":1.6328125},{""pid"":30032,""name"":""conhost.exe"",""cpu_percent"":0.0,""ws_mb"":9.9765625,""private_mb"":1.6484375}]"
"2026-10-02T01:20:09.6848758Z","5.0141626","1.194533127691817","363.27734375","293.45703125","91","3126","8","","0","65.96573208722741","0.71875","4492;11556;14860;29508;30032;42692;46044;46376","[{""pid"":14860,""name"":""node.exe"",""cpu_percent"":0.05193622294312248,""ws_mb"":64.875,""private_mb"":67.734375},{""pid"":46044,""name"":""conhost.exe"",""cpu_percent"":0.0,""ws_mb"":7.65234375,""private_mb"":1.19921875},{""pid"":29508,""name"":""powershell.exe"",""cpu_percent"":0.33758544913029614,""ws_mb"":96.328125,""private_mb"":75.58203125},{""pid"":42692,""name"":""node.exe"",""cpu_percent"":0.0,""ws_mb"":66.83984375,""private_mb"":64.55078125},{""pid"":11556,""name"":""conhost.exe"",""cpu_percent"":0.0,""ws_mb"":7.68359375,""private_mb"":1.2421875},{""pid"":46376,""name"":""powershell.exe"",""cpu_percent"":0.8050114556183985,""ws_mb"":99.9453125,""private_mb"":79.87890625},{""pid"":4492,""name"":""conhost.exe"",""cpu_percent"":0.0,""ws_mb"":9.9765625,""private_mb"":1.6328125},{""pid"":30032,""name"":""conhost.exe"",""cpu_percent"":0.0,""ws_mb"":9.9765625,""private_mb"":1.63671875}]"
"2026-10-02T01:20:14.8953519Z","5.2104761","0.8996298821906121","365.08984375","295.16796875","91","3130","8","","0","67.16716716716716","0.5625","4492;11556;14860;29508;30032;42692;46044;46376","[{""pid"":14860,""name"":""node.exe"",""cpu_percent"":0.024989718949739226,""ws_mb"":65.328125,""private_mb"":69.02734375},{""pid"":46044,""name"":""conhost.exe"",""cpu_percent"":0.0,""ws_mb"":7.65234375,""private_mb"":1.19921875},{""pid"":29508,""name"":""powershell.exe"",""cpu_percent"":0.5997532547937414,""ws_mb"":96.55078125,""private_mb"":75.79296875},{""pid"":42692,""name"":""node.exe"",""cpu_percent"":0.0,""ws_mb"":67.73828125,""private_mb"":64.55078125},{""pid"":11556,""name"":""conhost.exe"",""cpu_percent"":0.0,""ws_mb"":7.68359375,""private_mb"":1.2421875},{""pid"":46376,""name"":""powershell.exe"",""cpu_percent"":0.2748869084471315,""ws_mb"":100.18359375,""private_mb"":80.0859375},{""pid"":4492,""name"":""conhost.exe"",""cpu_percent"":0.0,""ws_mb"":9.9765625,""private_mb"":1.6328125},{""pid"":30032,""name"":""conhost.exe"",""cpu_percent"":0.0,""ws_mb"":9.9765625,""private_mb"":1.63671875}]"
"2026-10-02T01:20:19.7234824Z","4.8281305","0.862997938159846","359.73046875","291.109375","84","3128","8","","0","67.66450916936354","0.5","4492;11556;14860;29508;30032;42692;46044;46376","[{""pid"":14860,""name"":""node.exe"",""cpu_percent"":0.02696868556749519,""ws_mb"":66.1328125,""private_mb"":68.9296875},{""pid"":46044,""name"":""conhost.exe"",""cpu_percent"":0.0,""ws_mb"":7.65234375,""private_mb"":1.19921875},{""pid"":29508,""name"":""powershell.exe"",""cpu_percent"":0.4045302835124278,""ws_mb"":95.9296875,""private_mb"":75.1328125},{""pid"":42692,""name"":""node.exe"",""cpu_percent"":0.0,""ws_mb"":68.09375,""private_mb"":67.20703125},{""pid"":11556,""name"":""conhost.exe"",""cpu_percent"":0.0,""ws_mb"":7.68359375,""private_mb"":1.2421875},{""pid"":46376,""name"":""powershell.exe"",""cpu_percent"":0.431498969079923,""ws_mb"":94.3046875,""private_mb"":74.1640625},{""pid"":4492,""name"":""conhost.exe"",""cpu_percent"":0.0,""ws_mb"":9.95703125,""private_mb"":1.59765625},{""pid"":30032,""name"":""conhost.exe"",""cpu_percent"":0.0,""ws_mb"":9.9765625,""private_mb"":1.63671875}]"
"2026-10-02T01:20:25.6744269Z","5.9509445","0.9408520501801575","360.515625","291.9296875","84","3131","8","","0","78.47769028871392","0.671875","4492;11556;14860;29508;30032;42692;46044;46376","[{""pid"":14860,""name"":""node.exe"",""cpu_percent"":0.0437605604734957,""ws_mb"":66.1015625,""private_mb"":69.16015625},{""pid"":46044,""name"":""conhost.exe"",""cpu_percent"":0.0,""ws_mb"":7.65234375,""private_mb"":1.19921875},{""pid"":29508,""name"":""powershell.exe"",""cpu_percent"":0.45948588497170484,""ws_mb"":96.28515625,""private_mb"":75.46484375},{""pid"":42692,""name"":""node.exe"",""cpu_percent"":0.02188028023674785,""ws_mb"":68.3125,""private_mb"":67.25},{""pid"":11556,""name"":""conhost.exe"",""cpu_percent"":0.0,""ws_mb"":7.68359375,""private_mb"":1.2421875},{""pid"":46376,""name"":""powershell.exe"",""cpu_percent"":0.41572532449820915,""ws_mb"":94.546875,""private_mb"":74.37890625},{""pid"":4492,""name"":""conhost.exe"",""cpu_percent"":0.0,""ws_mb"":9.95703125,""private_mb"":1.59765625},{""pid"":30032,""name"":""conhost.exe"",""cpu_percent"":0.0,""ws_mb"":9.9765625,""private_mb"":1.63671875}]"
"2026-10-02T01:20:30.1501483Z","4.4757214","0.37819787740437405","359.9140625","291.2734375","71","3102","8","","0","98.78787878787878","0.203125","4492;11556;14860;29508;30032;42692;46044;46376","[{""pid"":14860,""name"":""node.exe"",""cpu_percent"":0.0,""ws_mb"":66.17578125,""private_mb"":69.16796875},{""pid"":46044,""name"":""conhost.exe"",""cpu_percent"":0.0,""ws_mb"":7.65234375,""private_mb"":1.19921875},{""pid"":29508,""name"":""powershell.exe"",""cpu_percent"":0.2618292997414897,""ws_mb"":96.3984375,""private_mb"":75.53125},{""pid"":42692,""name"":""node.exe"",""cpu_percent"":0.0,""ws_mb"":68.3203125,""private_mb"":67.25},{""pid"":11556,""name"":""conhost.exe"",""cpu_percent"":0.0,""ws_mb"":7.6640625,""private_mb"":1.20703125},{""pid"":46376,""name"":""powershell.exe"",""cpu_percent"":0.11636857766288432,""ws_mb"":93.76953125,""private_mb"":73.68359375},{""pid"":4492,""name"":""conhost.exe"",""cpu_percent"":0.0,""ws_mb"":9.95703125,""private_mb"":1.59765625},{""pid"":30032,""name"":""conhost.exe"",""cpu_percent"":0.0,""ws_mb"":9.9765625,""private_mb"":1.63671875}]"
"2026-10-02T01:20:34.9446383Z","4.79449","1.3578955564964506","361.66796875","292.65234375","71","3112","8","","0","96.79539852095316","0.78125","4492;11556;14860;29508;30032;42692;46044;46376","[{""pid"":14860,""name"":""node.exe"",""cpu_percent"":0.027157911129929012,""ws_mb"":66.84375,""private_mb"":69.4453125},{""pid"":46044,""name"":""conhost.exe"",""cpu_percent"":0.0,""ws_mb"":7.65234375,""private_mb"":1.19921875},{""pid"":29508,""name"":""powershell.exe"",""cpu_percent"":0.6517898671182962,""ws_mb"":97.29296875,""private_mb"":76.44140625},{""pid"":42692,""name"":""node.exe"",""cpu_percent"":0.0,""ws_mb"":68.3203125,""private_mb"":67.25},{""pid"":11556,""name"":""conhost.exe"",""cpu_percent"":0.0,""ws_mb"":7.6640625,""private_mb"":1.20703125},{""pid"":46376,""name"":""powershell.exe"",""cpu_percent"":0.6789477782482253,""ws_mb"":93.9609375,""private_mb"":73.875},{""pid"":4492,""name"":""conhost.exe"",""cpu_percent"":0.0,""ws_mb"":9.95703125,""private_mb"":1.59765625},{""pid"":30032,""name"":""conhost.exe"",""cpu_percent"":0.0,""ws_mb"":9.9765625,""private_mb"":1.63671875}]"
"2026-10-02T01:20:40.2047585Z","5.2601202","0.9406470724122742","365.8125","296.3984375","71","3054","8","","0","98.29376854599407","0.59375","4492;11556;14860;29508;30032;42692;46044;46376","[{""pid"":14860,""name"":""node.exe"",""cpu_percent"":0.0,""ws_mb"":66.65625,""private_mb"":69.43359375},{""pid"":46044,""name"":""conhost.exe"",""cpu_percent"":0.0,""ws_mb"":7.65234375,""private_mb"":1.19921875},{""pid"":29508,""name"":""powershell.exe"",""cpu_percent"":0.2722925735930267,""ws_mb"":97.82421875,""private_mb"":76.95703125},{""pid"":42692,""name"":""node.exe"",""cpu_percent"":0.024753870326638793,""ws_mb"":69.40625,""private_mb"":67.75},{""pid"":11556,""name"":""conhost.exe"",""cpu_percent"":0.0,""ws_mb"":7.6640625,""private_mb"":1.20703125},{""pid"":46376,""name"":""powershell.exe"",""cpu_percent"":0.6436006284926087,""ws_mb"":96.67578125,""private_mb"":76.6171875},{""pid"":4492,""name"":""conhost.exe"",""cpu_percent"":0.0,""ws_mb"":9.95703125,""private_mb"":1.59765625},{""pid"":30032,""name"":""conhost.exe"",""cpu_percent"":0.0,""ws_mb"":9.9765625,""private_mb"":1.63671875}]"
"2026-10-02T01:20:45.2107819Z","5.0060234","1.2484959618846367","369.83984375","299.83203125","71","3047","8","","0","100","0.75","4492;11556;14860;29508;30032;42692;46044;46376","[{""pid"":14860,""name"":""node.exe"",""cpu_percent"":0.05202066507852653,""ws_mb"":66.7421875,""private_mb"":69.44921875},{""pid"":46044,""name"":""conhost.exe"",""cpu_percent"":0.026010332539263267,""ws_mb"":7.65234375,""private_mb"":1.19921875},{""pid"":29508,""name"":""powershell.exe"",""cpu_percent"":0.3641446555496857,""ws_mb"":97.82421875,""private_mb"":76.95703125},{""pid"":42692,""name"":""node.exe"",""cpu_percent"":0.0,""ws_mb"":69.8984375,""private_mb"":67.75},{""pid"":11556,""name"":""conhost.exe"",""cpu_percent"":0.0,""ws_mb"":7.6640625,""private_mb"":1.20703125},{""pid"":46376,""name"":""powershell.exe"",""cpu_percent"":0.8063203087171612,""ws_mb"":100.125,""private_mb"":80.03515625},{""pid"":4492,""name"":""conhost.exe"",""cpu_percent"":0.0,""ws_mb"":9.95703125,""private_mb"":1.59765625},{""pid"":30032,""name"":""conhost.exe"",""cpu_percent"":0.0,""ws_mb"":9.9765625,""private_mb"":1.63671875}]"
"2026-10-02T01:20:49.6299330Z","4.4191511","1.0607240834104996","371.38671875","300.640625","71","3051","8","","0","92.61883672866844","0.5625","4492;11556;14860;29508;30032;42692;46044;46376","[{""pid"":14860,""name"":""node.exe"",""cpu_percent"":0.0,""ws_mb"":66.87109375,""private_mb"":69.44921875},{""pid"":46044,""name"":""conhost.exe"",""cpu_percent"":0.0,""ws_mb"":7.65234375,""private_mb"":1.19921875},{""pid"":29508,""name"":""powershell.exe"",""cpu_percent"":0.4125038102151943,""ws_mb"":97.82421875,""private_mb"":76.95703125},{""pid"":42692,""name"":""node.exe"",""cpu_percent"":0.0,""ws_mb"":69.89453125,""private_mb"":67.078125},{""pid"":11556,""name"":""conhost.exe"",""cpu_percent"":0.0,""ws_mb"":7.6640625,""private_mb"":1.20703125},{""pid"":46376,""name"":""powershell.exe"",""cpu_percent"":0.6482202731953053,""ws_mb"":101.546875,""private_mb"":81.515625},{""pid"":4492,""name"":""conhost.exe"",""cpu_percent"":0.0,""ws_mb"":9.95703125,""private_mb"":1.59765625},{""pid"":30032,""name"":""conhost.exe"",""cpu_percent"":0.0,""ws_mb"":9.9765625,""private_mb"":1.63671875}]"
"2026-10-02T01:20:54.6765309Z","5.0465979","0.6450302555972081","374.71875","303.91015625","71","3042","8","","0","49.871001031991746","0.390625","4492;11556;14860;29508;30032;42692;46044;46376","[{""pid"":14860,""name"":""node.exe"",""cpu_percent"":0.0,""ws_mb"":66.87109375,""private_mb"":69.44921875},{""pid"":46044,""name"":""conhost.exe"",""cpu_percent"":0.0,""ws_mb"":7.65234375,""private_mb"":1.19921875},{""pid"":29508,""name"":""powershell.exe"",""cpu_percent"":0.1290060511194416,""ws_mb"":97.82421875,""private_mb"":76.95703125},{""pid"":42692,""name"":""node.exe"",""cpu_percent"":0.0,""ws_mb"":69.96484375,""private_mb"":67.140625},{""pid"":11556,""name"":""conhost.exe"",""cpu_percent"":0.0,""ws_mb"":7.6640625,""private_mb"":1.20703125},{""pid"":46376,""name"":""powershell.exe"",""cpu_percent"":0.5160242044777664,""ws_mb"":104.80859375,""private_mb"":84.72265625},{""pid"":4492,""name"":""conhost.exe"",""cpu_percent"":0.0,""ws_mb"":9.95703125,""private_mb"":1.59765625},{""pid"":30032,""name"":""conhost.exe"",""cpu_percent"":0.0,""ws_mb"":9.9765625,""private_mb"":1.63671875}]"
"2026-10-02T01:20:59.6323637Z","4.9558328","0.8144863832640467","375.89453125","304.87109375","65","3040","8","","0","62.64458464773922","0.484375","4492;11556;14860;29508;30032;42692;46044;46376","[{""pid"":14860,""name"":""node.exe"",""cpu_percent"":0.05254750859768043,""ws_mb"":66.9375,""private_mb"":69.44921875},{""pid"":46044,""name"":""conhost.exe"",""cpu_percent"":0.0,""ws_mb"":7.65234375,""private_mb"":1.19921875},{""pid"":29508,""name"":""powershell.exe"",""cpu_percent"":0.36783256018376304,""ws_mb"":97.82421875,""private_mb"":76.95703125},{""pid"":42692,""name"":""node.exe"",""cpu_percent"":0.026273754298840216,""ws_mb"":69.91015625,""private_mb"":67.0390625},{""pid"":11556,""name"":""conhost.exe"",""cpu_percent"":0.0,""ws_mb"":7.6640625,""private_mb"":1.20703125},{""pid"":46376,""name"":""powershell.exe"",""cpu_percent"":0.36783256018376304,""ws_mb"":105.9921875,""private_mb"":85.8203125},{""pid"":4492,""name"":""conhost.exe"",""cpu_percent"":0.0,""ws_mb"":9.95703125,""private_mb"":1.59765625},{""pid"":30032,""name"":""conhost.exe"",""cpu_percent"":0.0,""ws_mb"":9.95703125,""private_mb"":1.6015625}]"
"2026-10-02T01:21:04.6223917Z","4.990028","0.7306238228188967","377.1796875","306.15625","64","3025","8","","0","56.692708333333336","0.4375","4492;11556;14860;29508;30032;42692;46044;46376","[{""pid"":14860,""name"":""node.exe"",""cpu_percent"":0.0,""ws_mb"":66.9375,""private_mb"":69.44921875},{""pid"":46044,""name"":""conhost.exe"",""cpu_percent"":0.0,""ws_mb"":7.65234375,""private_mb"":1.19921875},{""pid"":29508,""name"":""powershell.exe"",""cpu_percent"":0.36531191140944835,""ws_mb"":97.82421875,""private_mb"":76.95703125},{""pid"":42692,""name"":""node.exe"",""cpu_percent"":0.0,""ws_mb"":69.91015625,""private_mb"":67.0390625},{""pid"":11556,""name"":""conhost.exe"",""cpu_percent"":0.0,""ws_mb"":7.6640625,""private_mb"":1.20703125},{""pid"":46376,""name"":""powershell.exe"",""cpu_percent"":0.36531191140944835,""ws_mb"":107.27734375,""private_mb"":87.10546875},{""pid"":4492,""name"":""conhost.exe"",""cpu_percent"":0.0,""ws_mb"":9.95703125,""private_mb"":1.59765625},{""pid"":30032,""name"":""conhost.exe"",""cpu_percent"":0.0,""ws_mb"":9.95703125,""private_mb"":1.6015625}]"
